ID_Vendedor,Nombre,Email,Nombre_Sucursal,Zona_Venta
1,Myah Powlowski,armandodoyle@swift.name,Marlin & Associates,Chula Vista
2,Harold Parisian,giovanirippin@reilly.io,Bekins,Newark
3,Murphy Torp,quintenlang@ryan.name,Smartronix,Scottsdale
4,Orion Schroeder,jaydastanton@nitzsche.org,Graebel Van Lines,Irvine
5,Aubree Casper,trudiehand@stark.name,Marlin & Associates,Newark
6,Giovanny Moore,tedpfeffer@roob.name,Smartronix,Henderson
7,Jose Reilly,traceblock@collier.io,WaterSmart Software,Madison
8,Lauren Rippin,saraihowell@thompson.biz,Forrester Research,Orlando
9,Peter Herzog,jamisonbode@buckridge.org,Marlin & Associates,Birmingham
10,Breanna Hirthe,muhammadkshlerin@marks.io,Bekins,Kansas
11,Troy Medhurst,rodolfogleason@parisian.net,Apextech LLC,Scottsdale
12,Rose Williamson,kolemayert@pagac.name,Smartronix,Albuquerque
13,Jolie Rohan,jaredtrantow@cremin.biz,DemystData,Tulsa
14,Arnold Green,fionakemmer@eichmann.info,DemystData,North Las Vegas
15,Eddie Veum,adelianader@mclaughlin.io,Graebel Van Lines,Fremont
16,Ella Daniel,devanbergnaum@schamberger.biz,DemystData,Arlington
17,Aleen Huels,darrickhauck@bogan.com,Forrester Research,Charlotte
18,Griffin Kassulke,glendalang@reynolds.com,"KidAdmit, Inc.",Chandler
19,Rosanna Douglas,carloscorkery@boehm.org,Forrester Research,Louisville/Jefferson
20,Brendon Bergstrom,garnettkertzmann@fadel.info,WaterSmart Software,Chula Vista
21,Gina Boyer,nikkimcclure@carter.name,DemystData,Baltimore
22,Emmet Lakin,lennymayer@rath.org,Forrester Research,San Jose
23,Saul Yundt,paololeffler@conroy.name,Apextech LLC,Chicago
24,Lauren Johns,trentonking@schinner.info,Graebel Van Lines,Oklahoma
25,Dangelo Wolff,darronjohnson@weimann.info,Apextech LLC,Charlotte
26,Tatyana Dooley,janniejakubowski@dubuque.org,Bekins,Chula Vista
27,Delores Brakus,dougortiz@grimes.io,Kyruus,Sacramento
28,Terry Volkman,annabashirian@bernier.net,WaterSmart Software,San Jose
29,Darryl Little,juanatromp@goyette.info,Smartronix,Chula Vista
30,Kallie Hodkiewicz,vernoncollins@kertzmann.com,WaterSmart Software,Las Vegas
31,Andreane Marks,aleenjenkins@morissette.biz,Forrester Research,Fremont
32,Lavern Koss,marcelinopacocha@mitchell.io,Kyruus,Boston
33,Myrtice Torphy,paulinebradtke@kihn.com,WaterSmart Software,Oakland
34,Lera Schowalter,enidfunk@herman.io,PYA Analytics,San Bernardino
35,Madelynn Hyatt,francescaorn@kiehn.info,Smartronix,New York City
36,Arvel Hyatt,cletasteuber@ebert.info,Apextech LLC,Dallas
37,Cyril Beer,richmondritchie@dickinson.biz,Kyruus,Fremont
38,Joy Bode,prudencehermiston@medhurst.org,"KidAdmit, Inc.",Santa Ana
39,Alfonso Hills,martinadickinson@wisozk.net,Forrester Research,Hialeah
40,Kathryn Murazik,adalineward@parker.com,Xatori,Santa Ana
41,Zechariah Moore,hymanschoen@wyman.biz,PYA Analytics,Boston
42,Casandra Brekke,luciletromp@gislason.net,Marlin & Associates,Orlando
43,Carmel Kerluke,josephanderson@corwin.io,Apextech LLC,Boise
44,Alexie Cummerata,stephanianitzsche@barrows.name,Forrester Research,Sacramento
45,Thea Rodriguez,noelerdman@reilly.org,Marlin & Associates,Phoenix
46,Cristina Ziemann,maybellbergstrom@harber.io,Forrester Research,New York City
47,Payton Lesch,carsonkub@bins.org,Kyruus,Garland
48,Quincy Shields,shanybernier@erdman.org,PYA Analytics,Fremont
49,Trycia Turcotte,rowenatowne@tremblay.com,Kyruus,Washington
50,Katherine Hermiston,lilliewolf@schoen.org,Graebel Van Lines,Indianapolis
51,Romaine Collins,tonimorissette@davis.io,Apextech LLC,Birmingham
52,Rowena Hansen,ottispredovic@schmeler.com,Apextech LLC,Mesa
53,Andre Ziemann,scottieschmitt@hintz.biz,Forrester Research,Jersey
54,Rogers Emmerich,deansteuber@gutkowski.io,Bekins,Fort Worth
55,Jan Mayert,dexterblick@lesch.net,Forrester Research,Fresno
56,Hope Kunze,janakozey@satterfield.org,DemystData,Cincinnati
57,Assunta Champlin,selenawatsica@upton.biz,PYA Analytics,Phoenix
58,Annabell Keebler,alexaneschiller@romaguera.name,Bekins,Irvine
59,Arnaldo Stokes,gilbertoromaguera@oberbrunner.com,Smartronix,Virginia Beach
60,Guadalupe Dicki,roelberge@wolf.io,"KidAdmit, Inc.",Hialeah
61,Mason Russel,bennettstehr@padberg.biz,Kyruus,Los Angeles
62,Baylee Cummings,brennadoyle@yost.info,PYA Analytics,San Jose
63,Sidney Kunde,robinbeier@franecki.org,Forrester Research,Scottsdale
64,Houston Nader,alenaokuneva@marquardt.biz,Forrester Research,Mesa
65,Jennings Sanford,jimmyrath@robel.info,DemystData,St. Louis
66,Nadia Lubowitz,koleabernathy@considine.name,Marlin & Associates,Philadelphia
67,Billy Bernhard,einarfadel@green.org,Marlin & Associates,Plano
68,Kristin Wilkinson,gladyceherman@hodkiewicz.com,Graebel Van Lines,Portland
69,Gennaro Pagac,vedaharris@cassin.biz,WaterSmart Software,St. Louis
70,Stuart Jerde,mauriciotillman@dooley.name,Bekins,Hialeah
71,Sibyl Williamson,kameronlind@walsh.org,Apextech LLC,Minneapolis
72,Franco Hermann,carlospurdy@grant.org,PYA Analytics,Tucson
73,Juana Aufderhar,joprice@boyer.com,PYA Analytics,St. Paul
74,Omer Toy,lorenzaschulist@smith.com,"KidAdmit, Inc.",Tampa
75,Sadye Kuhlman,evansrobel@rodriguez.biz,DemystData,Hialeah
76,Kimberly Rice,cicerolarson@monahan.info,Smartronix,Santa Ana
77,Bridgette Considine,mollymurray@heaney.io,Smartronix,New Orleans
78,Helene Orn,alexzandersmith@west.name,"KidAdmit, Inc.",Albuquerque
79,Royce Yundt,walkerstamm@white.biz,Kyruus,New York City
80,Bell Parker,lianarussel@dubuque.io,Bekins,Jacksonville
81,Titus Torp,robinweber@howell.name,Kyruus,St. Petersburg
82,Brionna Swaniawski,calistavandervort@schinner.io,Xatori,Philadelphia
83,Remington Hessel,reidcasper@eichmann.biz,Forrester Research,Wichita
84,Zaria Harris,sebastianconsidine@maggio.net,Xatori,Fort Worth
85,Marley Stark,chaunceyschaefer@metz.io,Smartronix,Santa Ana
86,Shanon Mayer,osvaldodickinson@carter.name,Marlin & Associates,Detroit
87,Winona Hermann,gaetanokeebler@mueller.net,Marlin & Associates,Hialeah
88,Kenyatta Bogisich,garthwaelchi@zieme.com,Kyruus,Riverside
89,Ashlynn Parker,gonzalosauer@hintz.org,Xatori,Stockton
90,Marques Bogisich,olaffahey@johnson.com,Marlin & Associates,San Francisco
91,Darrel Marvin,jewellshanahan@bergstrom.info,Forrester Research,Kansas
92,Fay Konopelski,kipbatz@leffler.com,Forrester Research,St. Paul
93,Tracey Cronin,rosemarymarquardt@connelly.com,PYA Analytics,Garland
94,Trycia Conn,amarimraz@hills.biz,PYA Analytics,Chesapeake
95,Mertie Sanford,reedullrich@stamm.net,Apextech LLC,Cleveland
96,Keith Boyer,oletakuhlman@reichert.net,Forrester Research,Indianapolis
97,Brooklyn Beahan,joaniehamill@roob.info,Apextech LLC,San Diego
98,Fritz Hagenes,antwanabshire@franecki.org,DemystData,Henderson
99,Lauretta Swift,adrianacasper@collier.io,Forrester Research,Irving
100,Kole Auer,jeaniemante@botsford.io,Xatori,Birmingham
