ID_Sucursal,Nombre,Dirección
7,Forrester Research,"114 Alleytown, Glendale, Kentucky 64897"
3,Kyruus,"1377 Pointsfort, Charlotte, Nebraska 91033"
11,Graebel Van Lines,"1924 Tunnelland, San Francisco, Oregon 36796"
1,Marlin & Associates,"39420 Roadsfurt, St. Petersburg, Wyoming 86053"
6,WaterSmart Software,"51072 West Squaresburgh, Corpus Christi, Kansas 89939"
4,"KidAdmit, Inc.","5496 Lake Mountainstad, Laredo, Nebraska 37038"
2,Bekins,"597 New Trafficwaybury, Phoenix, Wisconsin 41694"
12,PYA Analytics,"64980 Forgesmouth, Fresno, Kansas 10569"
10,Xatori,"7773 Plainsville, New Orleans, Colorado 23078"
9,Apextech LLC,"79395 North Turnpiketown, Nashville-Davidson, Arizona 82408"
5,DemystData,"8857 Mewsfort, Arlington, Rhode Island 18889"
8,Smartronix,"973 Ridgesport, St. Louis, Rhode Island 85550"
